tentativa,a,medicao,binario,fase,r,tempo
1,29,42,00101010,0.65625,32,0.0030504
2,29,29,00011101,0.453125,11,0.0005626
3,29,22,00010110,0.34375,32,0.0012933
4,29,56,00111000,0.875,8,0.0015353
5,29,17,00010001,0.265625,34,0.0012525
6,6,58,00111010,0.90625,32,0.0003374
7,6,60,00111100,0.9375,16,0.0001825
8,6,19,00010011,0.296875,27,0.0009125
9,6,16,00010000,0.25,4,0.0012426
10,6,32,00100000,0.5,2,0.001478
