thread,a,tentativa,medicao,binario,fase,r,x,f1,f2,tempo,success
3,2,1,6,00000110,0.375,8,1,15,1,1.97e-05,0
6,7,1,8,00001000,0.5,2,7,3,1,4.73e-05,0
5,8,1,10,00001010,0.625,8,1,15,1,8.48e-05,0
2,4,1,9,00001001,0.5625,9,1,15,1,0.0001198,0
3,2,2,10,00001010,0.625,8,1,15,1,4.37e-05,0
6,7,2,10,00001010,0.625,8,1,15,1,1.67e-05,0
1,2,1,6,00000110,0.375,8,1,15,1,4.05e-05,0
7,11,1,7,00000111,0.4375,9,1,15,1,0.0001754,0
4,4,1,8,00001000,0.5,2,4,3,5,1.56e-05,1
0,7,1,15,00001111,0.9375,15,13,3,1,2.79e-05,0
